Chr,Start,End,Ref,Alt,Func.refGeneWithVer,Gene.refGeneWithVer,GeneDetail.refGeneWithVer,ExonicFunc.refGeneWithVer,AAChange.refGeneWithVer,CLNALLELEID,CLNDN,CLNDISDB,CLNREVSTAT,CLNSIG,SIFT_score,SIFT_pred,SIFT4G_score,SIFT4G_pred,Polyphen2_HDIV_score,Polyphen2_HDIV_pred,Polyphen2_HVAR_score,Polyphen2_HVAR_pred,LRT_score,LRT_pred,LRT_Omega,MutationTaster_score,MutationTaster_pred,MutationAssessor_score,MutationAssessor_pred,FATHMM_score,FATHMM_pred,PROVEAN_score,PROVEAN_pred,VEST4_score,MetaSVM_score,MetaSVM_pred,MetaLR_score,MetaLR_pred,Reliability_index,MetaRNN_score,MetaRNN_pred,M-CAP_score,M-CAP_pred,REVEL_score,MutPred_score,MVP_score,gMVP_score,MPC_score,PrimateAI_score,PrimateAI_pred,DEOGEN2_score,DEOGEN2_pred,BayesDel_addAF_score,BayesDel_addAF_pred,BayesDel_noAF_score,BayesDel_noAF_pred,ClinPred_score,ClinPred_pred,LIST-S2_score,LIST-S2_pred,ESM1b_score,ESM1b_pred,EVE_score,AlphaMissense_score,AlphaMissense_pred,Aloft_pred,Aloft_Confidence,CADD_raw,CADD_phred,DANN_score,fathmm-MKL_coding_score,fathmm-MKL_coding_pred,fathmm-MKL_coding_group,fathmm-XF_coding_score,fathmm-XF_coding_pred,Eigen-raw_coding,Eigen-phred_coding,Eigen-PC-raw_coding,Eigen-PC-phred_coding,GenoCanyon_score,integrated_fitCons_score,integrated_confidence_value,LINSIGHT,GERP++_NR,GERP++_RS,phyloP17way_primate,phastCons17way_primate,SiPhy_29way_pi,SiPhy_29way_logOdds,bStatistic,gnomad211_exome_AF,gnomad211_exome_AF_popmax,gnomad211_exome_AF_male,gnomad211_exome_AF_female,gnomad211_exome_AF_afr,gnomad211_exome_AF_sas,gnomad211_exome_AF_amr,gnomad211_exome_AF_eas,gnomad211_exome_AF_nfe,gnomad211_exome_AF_fin,gnomad211_exome_AF_asj,gnomad211_exome_AF_oth,non_topmed_gnomad211_exome_AF_popmax,non_neuro_gnomad211_exome_AF_popmax,non_cancer_gnomad211_exome_AF_popmax,controls_gnomad211_exome_AF_popmax,gnomad211_genome_AF,gnomad211_genome_AF_popmax,gnomad211_genome_AF_male,gnomad211_genome_AF_female,gnomad211_genome_AF_afr,gnomad211_genome_AF_sas,gnomad211_genome_AF_amr,gnomad211_genome_AF_eas,gnomad211_genome_AF_nfe,gnomad211_genome_AF_fin,gnomad211_genome_AF_asj,gnomad211_genome_AF_oth,non_topmed_gnomad211_genome_AF_popmax,non_neuro_gnomad211_genome_AF_popmax,non_cancer_gnomad211_genome_AF_popmax,controls_gnomad211_genome_AF_popmax,Otherinfo1,Otherinfo2,Otherinfo3,Otherinfo4,Otherinfo5,Otherinfo6,Otherinfo7,Otherinfo8,Otherinfo9,Otherinfo10,Otherinfo11,Otherinfo12,Otherinfo13
10,17193346,17193346,A,G,"UTR3","TRDMT1","NM_001351220.1:c.*694T>C;NM_001351222.1:c.*694T>C;NM_001351223.1:c.*694T>C",,,.,.,.,.,.,.,.,.,.,.,.,.,.,.,.,.,.,.,.,.,.,.,.,.,.,.,.,.,.,.,.,.,.,.,.,.,.,.,.,.,.,.,.,.,.,.,.,.,.,.,.,.,.,.,.,.,.,.,.,.,.,.,.,.,.,.,.,.,.,.,.,.,.,.,.,.,.,.,.,.,.,.,.,.,.,.,.,.,.,.,.,.,.,.,.,.,.,0.5292,0.5342,0.5294,0.5289,0.5285,.,0.3967,0.4768,0.5342,0.5452,0.6345,0.5628,0.5328,0.5345,.,0.5325,"het",".","168","10","17193346",".","A","G",".","PASS","ADP=168;HET=1;HOM=0;NC=0;WT=0","GT:GQ:SDP:DP:RD:AD:FREQ:PVAL:RBQ:ABQ:RDF:RDR:ADF:ADR","0/1:255:168:168:83:84:50%:3.5693E-32:39:35:48:35:40:44"
12,6945861,6945861,C,A,"intronic","P3H3",,,,,,,,,,,,,,,,,,,,,,,,,,,,,,,,,,,,,,,,,,,,,,,,,,,,,,,,,,,,,,,,,,,,,,,,,,,,,,,,,,,,,,,,,,,,,,,,,,,,,,,,,,,,,,,,,,,,,"het",".","21","12","6945861",".","C","A",".","PASS","ADP=21;HET=1;HOM=0;NC=0;WT=0","GT:GQ:SDP:DP:RD:AD:FREQ:PVAL:RBQ:ABQ:RDF:RDR:ADF:ADR","0/1:16:21:21:16:5:23.81%:2.3921E-2:36:40:6:10:1:4"
13,32890572,32890572,G,A,"intron","BRCA2","NM_000059.3:c.-26G>A",,,131503,not_provided|not_specified|Breast-ovarian_cancer\x2c_familial\x2c_susceptibility_to\x2c_2|Hereditary_breast_ovarian_cancer_syndrome|Hereditary_cancer-predisposing_syndrome|Fanconi_anemia_complementation_group_D1|Familial_cancer_of_breast,MedGen:C3661900|MedGen:CN169374|MONDO:MONDO:0012933\x2cMedGen:C2675520\x2cOMIM:612555\x2cOrphanet:145|MONDO:MONDO:0003582\x2cMeSH:D061325\x2cMedGen:C0677776\x2cOrphanet:145|MONDO:MONDO:0015356\x2cMeSH:D009386\x2cMedGen:C0027672\x2cOrphanet:140162|MONDO:MONDO:0011584\x2cMedGen:C1838457\x2cOMIM:605724\x2cOrphanet:319462|MONDO:MONDO:0016419\x2cMedGen:C0346153\x2cOMIM:114480\x2cOrphanet:227535,reviewed_by_expert_panel,Benign,.,.,.,.,.,.,.,.,.,.,.,.,.,.,.,.,.,.,.,.,.,.,.,.,.,.,.,.,.,.,.,.,.,.,.,.,.,.,.,.,.,.,.,.,.,.,.,.,.,.,.,.,.,.,.,.,.,.,.,.,.,.,.,.,.,.,.,.,.,.,.,.,.,.,.,.,0.2455,0.3746,0.2511,0.2389,0.1012,0.2847,0.1908,0.3746,0.2581,0.2001,0.2703,0.2434,0.3745,0.3782,0.3757,0.3780,0.2203,0.3824,0.2216,0.2188,0.1112,.,0.1856,0.3824,0.2708,0.2018,0.2759,0.2192,0.3848,0.3824,.,0.3835,"het",".","769","13","32890572",".","G","A",".","PASS","ADP=769;HET=1;HOM=0;NC=0;WT=0","GT:GQ:SDP:DP:RD:AD:FREQ:PVAL:RBQ:ABQ:RDF:RDR:ADF:ADR","0/1:255:769:769:386:382:49.67%:1.2899E-143:37:39:202:184:167:215"
13,32903685,32903685,C,T,"intronic","BRCA2",,,,131730,not_specified|Breast-ovarian_cancer\x2c_familial\x2c_susceptibility_to\x2c_2|Hereditary_breast_ovarian_cancer_syndrome|Hereditary_cancer-predisposing_syndrome,MedGen:CN169374|MONDO:MONDO:0012933\x2cMedGen:C2675520\x2cOMIM:612555\x2cOrphanet:145|MONDO:MONDO:0003582\x2cMeSH:D061325\x2cMedGen:C0677776\x2cOrphanet:145|MONDO:MONDO:0015356\x2cMeSH:D009386\x2cMedGen:C0027672\x2cOrphanet:140162,reviewed_by_expert_panel,Benign,.,.,.,.,.,.,.,.,.,.,.,.,.,.,.,.,.,.,.,.,.,.,.,.,.,.,.,.,.,.,.,.,.,.,.,.,.,.,.,.,.,.,.,.,.,.,.,.,.,.,.,.,.,.,.,.,.,.,.,.,.,.,.,.,.,.,.,.,.,.,.,.,.,.,.,.,.,.,.,.,.,.,.,.,.,.,.,.,.,.,.,.,0.2163,0.2506,0.2167,0.2158,0.2506,.,0.2197,0.0921,0.2017,0.2580,0.1483,0.2090,0.2511,0.2447,.,0.2422,"het",".","487","13","32903685",".","C","T",".","PASS","ADP=487;HET=1;HOM=0;NC=0;WT=0","GT:GQ:SDP:DP:RD:AD:FREQ:PVAL:RBQ:ABQ:RDF:RDR:ADF:ADR","0/1:255:487:487:212:275:56.47%:1.5311E-107:35:39:117:95:147:128"
13,32915005,32915005,G,C,"exonic","BRCA2",,"synonymous SNV","BRCA2:NM_000059.3:exon11:c.G6513C:p.V2171V",136528,not_specified|Familial_cancer_of_breast|Malignant_tumor_of_breast|not_provided|Fanconi_anemia_complementation_group_D1|Breast-ovarian_cancer\x2c_familial\x2c_susceptibility_to\x2c_2|Hereditary_breast_ovarian_cancer_syndrome|Hereditary_cancer-predisposing_syndrome,MedGen:CN169374|MONDO:MONDO:0016419\x2cMedGen:C0346153\x2cOMIM:114480\x2cOrphanet:227535|MONDO:MONDO:0007254\x2cMedGen:C0006142|MedGen:C3661900|MONDO:MONDO:0011584\x2cMedGen:C1838457\x2cOMIM:605724\x2cOrphanet:319462|MONDO:MONDO:0012933\x2cMedGen:C2675520\x2cOMIM:612555\x2cOrphanet:145|MONDO:MONDO:0003582\x2cMeSH:D061325\x2cMedGen:C0677776\x2cOrphanet:145|MONDO:MONDO:0015356\x2cMeSH:D009386\x2cMedGen:C0027672\x2cOrphanet:140162,reviewed_by_expert_panel,Benign,.,.,.,.,.,.,.,.,.,.,.,.,.,.,.,.,.,.,.,.,.,.,.,.,.,.,.,.,.,.,.,.,.,.,.,.,.,.,.,.,.,.,.,.,.,.,.,.,.,.,.,.,.,.,.,.,.,.,.,.,.,.,.,.,.,.,.,.,.,.,.,.,.,.,.,.,0.9942,0.9999,0.9956,0.9925,0.9253,0.9999,0.9956,0.9999,0.9996,1,1,0.9960,0.9999,0.9999,1,1,0.9798,0.9996,0.9804,0.9790,0.9287,.,0.9976,0.9994,0.9996,1,1,0.9963,1,0.9996,.,1,"hom",".","563","13","32915005",".","G","C",".","PASS","ADP=563;HET=0;HOM=1;NC=0;WT=0","GT:GQ:SDP:DP:RD:AD:FREQ:PVAL:RBQ:ABQ:RDF:RDR:ADF:ADR","1/1:255:563:563:0:563:100%:0E0:0:35:0:0:295:268"
13,32929387,32929387,T,C,"exonic","BRCA2",,"nonsynonymous SNV","BRCA2:NM_000059.3:exon14:c.T7397C:p.V2466A",137477,not_specified|Breast-ovarian_cancer\x2c_familial\x2c_susceptibility_to\x2c_2|Breast_ductal_adenocarcinoma|Hereditary_breast_ovarian_cancer_syndrome|not_provided,MedGen:CN169374|MONDO:MONDO:0012933\x2cMedGen:C2675520\x2cOMIM:612555\x2cOrphanet:145|MONDO:MONDO:0005590\x2cMedGen:C1527349|MONDO:MONDO:0003582\x2cMeSH:D061325\x2cMedGen:C0677776\x2cOrphanet:145|MedGen:C3661900,criteria_provided\x2c_multiple_submitters\x2c_no_conflicts,Benign,1.0,T,0.697,T,.,.,.,.,0.193508,N,0.580933,1,P,.,.,5.95,T,0.62,N,0.035,-0.9296,T,0.000,T,6,8.148477e-07,T,.,.,0.091,.,.,0.1736012409134239,0.0209246618005,0.270237267017,T,.,.,-0.666339,T,-0.678078,T,0.00736804694948371,T,.,.,.,.,.,0.050,B,.;.,.;.,1.134715,12.84,0.16938271939704549,0.00045,N,AEFGBI,0.011898,N,-0.613933003460127,0.9624685,-0.667058958976897,0.9473135,0.999823761556087,0.651,0,.,5.07,5.07,-0.251000,0.316000,0.0:0.9186:0.0:0.0814,12.092,728,0.9949,0.9999,0.9962,0.9933,0.9326,0.9999,0.9960,0.9999,0.9997,1,1,0.9974,0.9999,0.9999,1,1,0.9819,0.9996,0.9825,0.9812,0.9361,.,0.9976,0.9994,0.9996,1,1,0.9972,1,0.9996,.,1,"hom",".","28","13","32929387",".","T","C",".","PASS","ADP=28;HET=0;HOM=1;NC=0;WT=0","GT:GQ:SDP:DP:RD:AD:FREQ:PVAL:RBQ:ABQ:RDF:RDR:ADF:ADR","1/1:158:28:28:0:28:100%:1.3074E-16:0:35:0:0:16:12"
13,32953388,32953388,T,C,"intronic","BRCA2",,,,131728,Breast-ovarian_cancer\x2c_familial\x2c_susceptibility_to\x2c_2|not_specified|Hereditary_breast_ovarian_cancer_syndrome|Hereditary_cancer-predisposing_syndrome,MONDO:MONDO:0012933\x2cMedGen:C2675520\x2cOMIM:612555\x2cOrphanet:145|MedGen:CN169374|MONDO:MONDO:0003582\x2cMeSH:D061325\x2cMedGen:C0677776\x2cOrphanet:145|MONDO:MONDO:0015356\x2cMeSH:D009386\x2cMedGen:C0027672\x2cOrphanet:140162,reviewed_by_expert_panel,Benign,.,.,.,.,.,.,.,.,.,.,.,.,.,.,.,.,.,.,.,.,.,.,.,.,.,.,.,.,.,.,.,.,.,.,.,.,.,.,.,.,.,.,.,.,.,.,.,.,.,.,.,.,.,.,.,.,.,.,.,.,.,.,.,.,.,.,.,.,.,.,.,.,.,.,.,.,.,.,.,.,.,.,.,.,.,.,.,.,.,.,.,.,0.5257,0.5515,0.5273,0.5236,0.5053,.,0.5165,0.5515,0.5275,0.5674,0.4655,0.5167,0.5528,0.5515,.,0.5678,"hom",".","570","13","32953388",".","T","C",".","PASS","ADP=570;HET=0;HOM=1;NC=0;WT=0","GT:GQ:SDP:DP:RD:AD:FREQ:PVAL:RBQ:ABQ:RDF:RDR:ADF:ADR","1/1:255:570:570:2:568:99.65%:0E0:40:38:0:2:533:35"
13,32972445,32972445,C,T,"exonic","BRCA2",,"synonymous SNV","BRCA2:NM_000059.3:exon27:c.C9795T:p.C3265C",,,,,,,,,,,,,,,,,,,,,,,,,,,,,,,,,,,,,,,,,,,,,,,,,,,,,,,,,,,,,,,,,,,,,,,,,,,,,,,,,,,,,,,,,,,,,,,,,,,,,,,,,,,,,,,,,,"het",".","27","13","32972445",".","C","T",".","PASS","ADP=27;HET=1;HOM=0;NC=0;WT=0","GT:GQ:SDP:DP:RD:AD:FREQ:PVAL:RBQ:ABQ:RDF:RDR:ADF:ADR","0/1:19:27:27:21:6:22.22%:1.1461E-2:36:38:18:3:6:0"
17,41219780,41219780,T,C,"intronic","BRCA1",,,,131284,not_provided|not_specified|Hereditary_cancer-predisposing_syndrome|Hereditary_breast_ovarian_cancer_syndrome|Breast-ovarian_cancer\x2c_familial\x2c_susceptibility_to\x2c_1,MedGen:C3661900|MedGen:CN169374|MONDO:MONDO:0015356\x2cMeSH:D009386\x2cMedGen:C0027672\x2cOrphanet:140162|MONDO:MONDO:0003582\x2cMeSH:D061325\x2cMedGen:C0677776\x2cOrphanet:145|MONDO:MONDO:0011450\x2cMedGen:C2676676\x2cOMIM:604370\x2cOrphanet:145,reviewed_by_expert_panel,Benign,.,.,.,.,.,.,.,.,.,.,.,.,.,.,.,.,.,.,.,.,.,.,.,.,.,.,.,.,.,.,.,.,.,.,.,.,.,.,.,.,.,.,.,.,.,.,.,.,.,.,.,.,.,.,.,.,.,.,.,.,.,.,.,.,.,.,.,.,.,.,.,.,.,.,.,.,.,.,.,.,.,.,.,.,.,.,.,.,.,.,.,.,0.3148,0.3679,0.3118,0.3186,0.2288,.,0.3119,0.3679,0.3372,0.3925,0.3138,0.3724,0.3660,0.3679,.,0.3571,"het",".","1044","17","41219780",".","T","C",".","PASS","ADP=1044;HET=1;HOM=0;NC=0;WT=0","GT:GQ:SDP:DP:RD:AD:FREQ:PVAL:RBQ:ABQ:RDF:RDR:ADF:ADR","0/1:255:1044:1044:502:535:51.25%:2.2856E-200:39:36:278:224:293:242"
17,41219804,41219804,T,C,"intronic","BRCA1",,,,131287,not_provided|not_specified|Hereditary_breast_ovarian_cancer_syndrome|Breast-ovarian_cancer\x2c_familial\x2c_susceptibility_to\x2c_1,MedGen:C3661900|MedGen:CN169374|MONDO:MONDO:0003582\x2cMeSH:D061325\x2cMedGen:C0677776\x2cOrphanet:145|MONDO:MONDO:0011450\x2cMedGen:C2676676\x2cOMIM:604370\x2cOrphanet:145,reviewed_by_expert_panel,Benign,.,.,.,.,.,.,.,.,.,.,.,.,.,.,.,.,.,.,.,.,.,.,.,.,.,.,.,.,.,.,.,.,.,.,.,.,.,.,.,.,.,.,.,.,.,.,.,.,.,.,.,.,.,.,.,.,.,.,.,.,.,.,.,.,.,.,.,.,.,.,.,.,.,.,.,.,.,.,.,.,.,.,.,.,.,.,.,.,.,.,.,.,0.3128,0.3651,0.3101,0.3161,0.2283,.,0.3078,0.3651,0.3350,0.3886,0.3112,0.3748,0.3630,0.3651,.,0.3529,"het",".","1016","17","41219804",".","T","C",".","PASS","ADP=1016;HET=1;HOM=0;NC=0;WT=0","GT:GQ:SDP:DP:RD:AD:FREQ:PVAL:RBQ:ABQ:RDF:RDR:ADF:ADR","0/1:255:1016:1016:479:536:52.76%:4.0187E-202:39:37:245:234:273:263"
17,41223094,41223094,T,C,"exonic","BRCA1",,"nonsynonymous SNV","BRCA1:NM_007297.4:exon14:c.A4696G:p.S1566G,BRCA1:NM_007298.3:exon14:c.A1525G:p.S509G,BRCA1:NM_007294.3:exon15:c.A4837G:p.S1613G,BRCA1:NM_007299.4:exon15:c.A1525G:p.S509G,BRCA1:NM_007300.4:exon16:c.A4900G:p.S1634G",50266,Hereditary_breast_ovarian_cancer_syndrome|Breast_carcinoma|Hereditary_cancer-predisposing_syndrome|Breast-ovarian_cancer\x2c_familial\x2c_susceptibility_to\x2c_1|Familial_cancer_of_breast|Fanconi_anemia\x2c_complementation_group_S|Pancreatic_cancer\x2c_susceptibility_to\x2c_4|not_provided|not_specified|Malignant_tumor_of_breast,MONDO:MONDO:0003582\x2cMeSH:D061325\x2cMedGen:C0677776\x2cOrphanet:145|Human_Phenotype_Ontology:HP:0003002\x2cMONDO:MONDO:0004989\x2cMedGen:C0678222|MONDO:MONDO:0015356\x2cMeSH:D009386\x2cMedGen:C0027672\x2cOrphanet:140162|MONDO:MONDO:0011450\x2cMedGen:C2676676\x2cOMIM:604370\x2cOrphanet:145|MONDO:MONDO:0016419\x2cMedGen:C0346153\x2cOMIM:114480\x2cOrphanet:227535|MONDO:MONDO:0054748\x2cMedGen:C4554406\x2cOMIM:617883|MONDO:MONDO:0013685\x2cMedGen:C3280442\x2cOMIM:614320\x2cOrphanet:1333|MedGen:C3661900|MedGen:CN169374|MONDO:MONDO:0007254\x2cMedGen:C0006142,reviewed_by_expert_panel,Benign,0.04,D,0.187,T,0.255,B,0.038,B,0.372123,N,0.699804,1,P,1.845,L,-1.93,D,-2.09,N,0.303,-1.0796,T,0.000,T,9,0.00030711293,T,.,.,0.252,.,.,0.23192479428759863,0.0759444557685,0.278165578842,T,0.112786,T,-0.405036,T,-0.210763,T,0.00234031684940942,T,0.594141,T,-4.221,T,0.27166707416928537,0.091,B,.;.;.;.;.;.;.;.;.;.,.;.;.;.;.;.;.;.;.;.,0.609474,8.916,0.97302109524068747,0.03114,N,AEFBI,0.133973,N,-0.856701520591169,0.5761318,-0.906406133814859,0.61151,1.16692814413374E-5,0.706548,0,.,4.92,1.5,0.665000,0.011000,0.0:0.248:0.0:0.752,6.894,543,0.3539,0.5041,0.3620,0.3444,0.2404,0.5041,0.3171,0.3801,0.3259,0.4030,0.3741,0.3476,0.5041,0.5041,0.5040,0.5037,0.3182,0.3680,0.3157,0.3215,0.2320,.,0.3168,0.3680,0.3410,0.3936,0.3138,0.3785,0.3660,0.3680,.,0.3568,"het",".","301","17","41223094",".","T","C",".","PASS","ADP=301;HET=1;HOM=0;NC=0;WT=0","GT:GQ:SDP:DP:RD:AD:FREQ:PVAL:RBQ:ABQ:RDF:RDR:ADF:ADR","0/1:255:301:301:166:135:44.85%:6.8941E-50:36:36:80:86:59:76"
17,41231516,41231516,C,T,"intronic","BRCA1",,,,206357,not_provided|Breast-ovarian_cancer\x2c_familial\x2c_susceptibility_to\x2c_1|Hereditary_breast_ovarian_cancer_syndrome,MedGen:C3661900|MONDO:MONDO:0011450\x2cMedGen:C2676676\x2cOMIM:604370\x2cOrphanet:145|MONDO:MONDO:0003582\x2cMeSH:D061325\x2cMedGen:C0677776\x2cOrphanet:145,reviewed_by_expert_panel,Benign,.,.,.,.,.,.,.,.,.,.,.,.,.,.,.,.,.,.,.,.,.,.,.,.,.,.,.,.,.,.,.,.,.,.,.,.,.,.,.,.,.,.,.,.,.,.,.,.,.,.,.,.,.,.,.,.,.,.,.,.,.,.,.,.,.,.,.,.,.,.,.,.,.,.,.,.,.,.,.,.,.,.,.,.,.,.,.,.,.,.,.,.,0.3170,0.3686,0.3145,0.3201,0.2297,.,0.3144,0.3686,0.3396,0.3941,0.3138,0.3775,0.3666,0.3686,.,0.3553,"het",".","603","17","41231516",".","C","T",".","PASS","ADP=603;HET=1;HOM=0;NC=0;WT=0","GT:GQ:SDP:DP:RD:AD:FREQ:PVAL:RBQ:ABQ:RDF:RDR:ADF:ADR","0/1:255:603:603:273:330:54.73%:1.231E-127:37:39:117:156:155:175"
17,41234470,41234470,A,G,"exonic","BRCA1",,"synonymous SNV","BRCA1:NM_007297.4:exon11:c.T4167C:p.S1389S,BRCA1:NM_007298.3:exon11:c.T999C:p.S333S,BRCA1:NM_007294.3:exon12:c.T4308C:p.S1436S,BRCA1:NM_007299.4:exon12:c.T999C:p.S333S,BRCA1:NM_007300.4:exon12:c.T4308C:p.S1436S",131241,not_specified|not_provided|Hereditary_breast_ovarian_cancer_syndrome|Hereditary_cancer-predisposing_syndrome|Familial_cancer_of_breast|Breast-ovarian_cancer\x2c_familial\x2c_susceptibility_to\x2c_1|Pancreatic_cancer\x2c_susceptibility_to\x2c_4|Fanconi_anemia\x2c_complementation_group_S,MedGen:CN169374|MedGen:C3661900|MONDO:MONDO:0003582\x2cMeSH:D061325\x2cMedGen:C0677776\x2cOrphanet:145|MONDO:MONDO:0015356\x2cMeSH:D009386\x2cMedGen:C0027672\x2cOrphanet:140162|MONDO:MONDO:0016419\x2cMedGen:C0346153\x2cOMIM:114480\x2cOrphanet:227535|MONDO:MONDO:0011450\x2cMedGen:C2676676\x2cOMIM:604370\x2cOrphanet:145|MONDO:MONDO:0013685\x2cMedGen:C3280442\x2cOMIM:614320\x2cOrphanet:1333|MONDO:MONDO:0054748\x2cMedGen:C4554406\x2cOMIM:617883,reviewed_by_expert_panel,Benign,.,.,.,.,.,.,.,.,.,.,.,.,.,.,.,.,.,.,.,.,.,.,.,.,.,.,.,.,.,.,.,.,.,.,.,.,.,.,.,.,.,.,.,.,.,.,.,.,.,.,.,.,.,.,.,.,.,.,.,.,.,.,.,.,.,.,.,.,.,.,.,.,.,.,.,.,0.3485,0.5038,0.3577,0.3378,0.1820,0.5038,0.3116,0.3787,0.3255,0.4030,0.3628,0.3437,0.5038,0.5038,0.5037,0.5032,0.3014,0.3689,0.2987,0.3048,0.1731,.,0.3113,0.3689,0.3406,0.3938,0.3138,0.3708,0.3669,0.3689,.,0.3565,"het",".","494","17","41234470",".","A","G",".","PASS","ADP=494;HET=1;HOM=0;NC=0;WT=0","GT:GQ:SDP:DP:RD:AD:FREQ:PVAL:RBQ:ABQ:RDF:RDR:ADF:ADR","0/1:255:494:494:199:293:59.31%:1.1666E-116:39:38:116:83:180:113"
17,41244000,41244000,T,C,"exonic","BRCA1",,"nonsynonymous SNV","BRCA1:NM_007297.4:exon9:c.A3407G:p.K1136R,BRCA1:NM_007294.3:exon10:c.A3548G:p.K1183R,BRCA1:NM_007300.4:exon10:c.A3548G:p.K1183R",50257,not_provided|not_specified|Hereditary_breast_ovarian_cancer_syndrome|Breast_carcinoma|Breast-ovarian_cancer\x2c_familial\x2c_susceptibility_to\x2c_1|Familial_cancer_of_breast|Fanconi_anemia\x2c_complementation_group_S|Pancreatic_cancer\x2c_susceptibility_to\x2c_4|Hereditary_cancer-predisposing_syndrome,MedGen:C3661900|MedGen:CN169374|MONDO:MONDO:0003582\x2cMeSH:D061325\x2cMedGen:C0677776\x2cOrphanet:145|Human_Phenotype_Ontology:HP:0003002\x2cMONDO:MONDO:0004989\x2cMedGen:C0678222|MONDO:MONDO:0011450\x2cMedGen:C2676676\x2cOMIM:604370\x2cOrphanet:145|MONDO:MONDO:0016419\x2cMedGen:C0346153\x2cOMIM:114480\x2cOrphanet:227535|MONDO:MONDO:0054748\x2cMedGen:C4554406\x2cOMIM:617883|MONDO:MONDO:0013685\x2cMedGen:C3280442\x2cOMIM:614320\x2cOrphanet:1333|MONDO:MONDO:0015356\x2cMeSH:D009386\x2cMedGen:C0027672\x2cOrphanet:140162,reviewed_by_expert_panel,Benign,1.0,T,1.0,T,0.0,B,0.001,B,0.151790,N,0.543999,1,P,-0.485,N,-0.35,T,0.4,N,0.127,-1.0241,T,0.000,T,9,4.872718e-05,T,.,.,0.067,.,.,0.03253672672921709,0.0680024046403,0.235314548016,T,0.095902,T,-0.574398,T,-0.45404,T,1.30985208670609e-05,T,0.0369963,T,-3.97,T,0.06193363825212779,0.058,B,.;.;.;.,.;.;.;.,-0.087003,1.233,0.10719352024848984,0.01713,N,AEFBI,0.104554,N,-1.71449080078515,0.03420236,-1.65273739182465,0.06149611,0.994334764999865,0.732398,0,.,5.31,-2.35,-0.799000,0.020000,0.1183:0.2486:0.0:0.6331,7.827,516,0.3527,0.5039,0.3608,0.3432,0.2365,0.5039,0.3164,0.3795,0.3242,0.4027,0.3727,0.3464,0.5039,0.5039,0.5037,0.5037,0.3155,0.3665,0.3129,0.3188,0.2267,.,0.3149,0.3665,0.3388,0.3934,0.3138,0.3757,0.3644,0.3665,.,0.3524,"het",".","787","17","41244000",".","T","C",".","PASS","ADP=787;HET=1;HOM=0;NC=0;WT=0","GT:GQ:SDP:DP:RD:AD:FREQ:PVAL:RBQ:ABQ:RDF:RDR:ADF:ADR","0/1:255:787:787:413:374:47.52%:5.7261E-139:39:35:212:201:212:162"
17,41244435,41244435,T,C,"exonic","BRCA1",,"nonsynonymous SNV","BRCA1:NM_007297.4:exon9:c.A2972G:p.E991G,BRCA1:NM_007294.3:exon10:c.A3113G:p.E1038G,BRCA1:NM_007300.4:exon10:c.A3113G:p.E1038G",50254,Hereditary_breast_ovarian_cancer_syndrome|Breast_carcinoma|not_specified|Breast-ovarian_cancer\x2c_familial\x2c_susceptibility_to\x2c_1|Familial_cancer_of_breast|Fanconi_anemia\x2c_complementation_group_S|Pancreatic_cancer\x2c_susceptibility_to\x2c_4|Malignant_tumor_of_breast|Hereditary_cancer-predisposing_syndrome|not_provided,MONDO:MONDO:0003582\x2cMeSH:D061325\x2cMedGen:C0677776\x2cOrphanet:145|Human_Phenotype_Ontology:HP:0003002\x2cMONDO:MONDO:0004989\x2cMedGen:C0678222|MedGen:CN169374|MONDO:MONDO:0011450\x2cMedGen:C2676676\x2cOMIM:604370\x2cOrphanet:145|MONDO:MONDO:0016419\x2cMedGen:C0346153\x2cOMIM:114480\x2cOrphanet:227535|MONDO:MONDO:0054748\x2cMedGen:C4554406\x2cOMIM:617883|MONDO:MONDO:0013685\x2cMedGen:C3280442\x2cOMIM:614320\x2cOrphanet:1333|MONDO:MONDO:0007254\x2cMedGen:C0006142|MONDO:MONDO:0015356\x2cMeSH:D009386\x2cMedGen:C0027672\x2cOrphanet:140162|MedGen:C3661900,reviewed_by_expert_panel,Benign,0.028,D,0.028,D,0.936,P,0.606,P,0.155009,N,0.514353,1,P,2.275,M,-1.24,T,-5.69,D,0.282,-1.0940,T,0.000,T,9,0.0002296269,T,.,.,0.227,.,.,0.2145758798183094,0.235783237347,0.281187832355,T,0.552666,D,-0.472127,T,-0.307134,T,0.0305527641605041,T,0.662834,T,-4.774,T,0.2772826727205862,0.099,B,.;.;.;.,.;.;.;.,1.628115,15.29,0.99063024782538156,0.05009,N,AEFBI,0.124110,N,-0.492050820535624,1.192237,-0.562274220973539,1.103612,0.987544065550899,0.706548,0,.,5.23,-0.974,0.665000,0.966000,0.1188:0.3513:0.0:0.5299,6.162,512,0.3483,0.5035,0.3574,0.3375,0.1818,0.5035,0.3112,0.3789,0.3252,0.4031,0.3618,0.3431,0.5035,0.5035,0.5034,0.5032,0.3008,0.3673,0.2980,0.3043,0.1732,.,0.3085,0.3673,0.3398,0.3931,0.3138,0.3702,0.3653,0.3673,.,0.3553,"het",".","519","17","41244435",".","T","C",".","PASS","ADP=519;HET=1;HOM=0;NC=0;WT=0","GT:GQ:SDP:DP:RD:AD:FREQ:PVAL:RBQ:ABQ:RDF:RDR:ADF:ADR","0/1:255:519:519:253:266:51.25%:5.032E-101:39:35:128:125:152:114"
17,41244936,41244936,G,A,"exonic","BRCA1",,"nonsynonymous SNV","BRCA1:NM_007297.4:exon9:c.C2471T:p.P824L,BRCA1:NM_007294.3:exon10:c.C2612T:p.P871L,BRCA1:NM_007300.4:exon10:c.C2612T:p.P871L",50251,Hereditary_breast_ovarian_cancer_syndrome|not_specified|Breast_carcinoma|Breast-ovarian_cancer\x2c_familial\x2c_susceptibility_to\x2c_1|not_provided|Familial_cancer_of_breast|Fanconi_anemia\x2c_complementation_group_S|Pancreatic_cancer\x2c_susceptibility_to\x2c_4|Hereditary_cancer-predisposing_syndrome,MONDO:MONDO:0003582\x2cMeSH:D061325\x2cMedGen:C0677776\x2cOrphanet:145|MedGen:CN169374|Human_Phenotype_Ontology:HP:0003002\x2cMONDO:MONDO:0004989\x2cMedGen:C0678222|MONDO:MONDO:0011450\x2cMedGen:C2676676\x2cOMIM:604370\x2cOrphanet:145|MedGen:C3661900|MONDO:MONDO:0016419\x2cMedGen:C0346153\x2cOMIM:114480\x2cOrphanet:227535|MONDO:MONDO:0054748\x2cMedGen:C4554406\x2cOMIM:617883|MONDO:MONDO:0013685\x2cMedGen:C3280442\x2cOMIM:614320\x2cOrphanet:1333|MONDO:MONDO:0015356\x2cMeSH:D009386\x2cMedGen:C0027672\x2cOrphanet:140162,reviewed_by_expert_panel,Benign,1.0,T,1.0,T,0.0,B,0.0,B,0.001340,N,0.000000,0.996297,P,-3.445,N,-0.05,T,5.74,N,0.309,-0.9367,T,0.000,T,9,9.915395e-07,T,.,.,0.140,.,.,0.08354598794268815,0.0821448641759,0.416683584452,T,0.127308,T,-0.53869,T,-0.402747,T,0.00253183524367824,T,0.607939,T,-2.417,T,0.00601200692018726,0.042,B,.;.;.;.,.;.;.;.,2.319554,18.09,0.88400122422341598,0.01658,N,AEFDGBIJ,0.053536,N,-1.04511808985481,0.357776,-0.666289485887707,0.9484397,0.999999996468069,0.706548,0,.,5.04,5.04,-0.092000,0.989000,0.9207:0.0:0.0793:0.0,9.647,511,0.4038,0.8253,0.4015,0.4066,0.8253,0.5316,0.3484,0.3789,0.3338,0.4037,0.3769,0.3778,0.8296,0.8256,0.8270,0.8310,0.4842,0.8085,0.4862,0.4817,0.8085,.,0.3443,0.3680,0.3480,0.3957,0.3276,0.4144,0.8081,0.8117,.,0.8083,"het",".","490","17","41244936",".","G","A",".","PASS","ADP=490;HET=1;HOM=0;NC=0;WT=0","GT:GQ:SDP:DP:RD:AD:FREQ:PVAL:RBQ:ABQ:RDF:RDR:ADF:ADR","0/1:255:490:490:232:258:52.65%:9.1434E-99:38:39:138:94:148:110"
17,41245237,41245237,A,G,"exonic","BRCA1",,"synonymous SNV","BRCA1:NM_007297.4:exon9:c.T2170C:p.L724L,BRCA1:NM_007294.3:exon10:c.T2311C:p.L771L,BRCA1:NM_007300.4:exon10:c.T2311C:p.L771L",131092,Familial_cancer_of_breast|not_specified|Hereditary_breast_ovarian_cancer_syndrome|Breast-ovarian_cancer\x2c_familial\x2c_susceptibility_to\x2c_1|Pancreatic_cancer\x2c_susceptibility_to\x2c_4|Fanconi_anemia\x2c_complementation_group_S|Hereditary_cancer-predisposing_syndrome|not_provided,MONDO:MONDO:0016419\x2cMedGen:C0346153\x2cOMIM:114480\x2cOrphanet:227535|MedGen:CN169374|MONDO:MONDO:0003582\x2cMeSH:D061325\x2cMedGen:C0677776\x2cOrphanet:145|MONDO:MONDO:0011450\x2cMedGen:C2676676\x2cOMIM:604370\x2cOrphanet:145|MONDO:MONDO:0013685\x2cMedGen:C3280442\x2cOMIM:614320\x2cOrphanet:1333|MONDO:MONDO:0054748\x2cMedGen:C4554406\x2cOMIM:617883|MONDO:MONDO:0015356\x2cMeSH:D009386\x2cMedGen:C0027672\x2cOrphanet:140162|MedGen:C3661900,reviewed_by_expert_panel,Benign,.,.,.,.,.,.,.,.,.,.,.,.,.,.,.,.,.,.,.,.,.,.,.,.,.,.,.,.,.,.,.,.,.,.,.,.,.,.,.,.,.,.,.,.,.,.,.,.,.,.,.,.,.,.,.,.,.,.,.,.,.,.,.,.,.,.,.,.,.,.,.,.,.,.,.,.,0.3474,0.5033,0.3565,0.3367,0.1815,0.5033,0.3108,0.3790,0.3237,0.4024,0.3617,0.3423,0.5033,0.5033,0.5032,0.5029,0.3002,0.3669,0.2975,0.3035,0.1733,.,0.3109,0.3669,0.3385,0.3935,0.3138,0.3699,0.3649,0.3669,.,0.3553,"het",".","45","17","41245237",".","A","G",".","PASS","ADP=45;HET=1;HOM=0;NC=0;WT=0","GT:GQ:SDP:DP:RD:AD:FREQ:PVAL:RBQ:ABQ:RDF:RDR:ADF:ADR","0/1:72:45:45:25:20:44.44%:6.2178E-8:39:37:10:15:12:8"
17,41245466,41245466,G,A,"exonic","BRCA1",,"synonymous SNV","BRCA1:NM_007297.4:exon9:c.C1941T:p.S647S,BRCA1:NM_007294.3:exon10:c.C2082T:p.S694S,BRCA1:NM_007300.4:exon10:c.C2082T:p.S694S",131074,Familial_cancer_of_breast|Breast-ovarian_cancer\x2c_familial\x2c_susceptibility_to\x2c_1|Pancreatic_cancer\x2c_susceptibility_to\x2c_4|Fanconi_anemia\x2c_complementation_group_S|not_specified|Hereditary_breast_ovarian_cancer_syndrome|not_provided|Hereditary_cancer-predisposing_syndrome,MONDO:MONDO:0016419\x2cMedGen:C0346153\x2cOMIM:114480\x2cOrphanet:227535|MONDO:MONDO:0011450\x2cMedGen:C2676676\x2cOMIM:604370\x2cOrphanet:145|MONDO:MONDO:0013685\x2cMedGen:C3280442\x2cOMIM:614320\x2cOrphanet:1333|MONDO:MONDO:0054748\x2cMedGen:C4554406\x2cOMIM:617883|MedGen:CN169374|MONDO:MONDO:0003582\x2cMeSH:D061325\x2cMedGen:C0677776\x2cOrphanet:145|MedGen:C3661900|MONDO:MONDO:0015356\x2cMeSH:D009386\x2cMedGen:C0027672\x2cOrphanet:140162,reviewed_by_expert_panel,Benign,.,.,.,.,.,.,.,.,.,.,.,.,.,.,.,.,.,.,.,.,.,.,.,.,.,.,.,.,.,.,.,.,.,.,.,.,.,.,.,.,.,.,.,.,.,.,.,.,.,.,.,.,.,.,.,.,.,.,.,.,.,.,.,.,.,.,.,.,.,.,.,.,.,.,.,.,0.3526,0.5041,0.3607,0.3431,0.2372,0.5041,0.3165,0.3788,0.3242,0.4021,0.3726,0.3462,0.5041,0.5041,0.5040,0.5038,0.3163,0.3689,0.3137,0.3196,0.2279,.,0.3149,0.3689,0.3395,0.3936,0.3138,0.375,0.3669,0.3689,.,0.3575,"het",".","873","17","41245466",".","G","A",".","PASS","ADP=873;HET=1;HOM=0;NC=0;WT=0","GT:GQ:SDP:DP:RD:AD:FREQ:PVAL:RBQ:ABQ:RDF:RDR:ADF:ADR","0/1:255:873:873:483:390:44.67%:9.2786E-143:38:38:265:218:183:207"
17,41256076,41256087,AAAAAAAAAAAG,-,"intronic","BRCA1",,,,259593,Breast-ovarian_cancer\x2c_familial\x2c_susceptibility_to\x2c_1,MONDO:MONDO:0011450\x2cMedGen:C2676676\x2cOMIM:604370\x2cOrphanet:145,reviewed_by_expert_panel,Benign,.,.,.,.,.,.,.,.,.,.,.,.,.,.,.,.,.,.,.,.,.,.,.,.,.,.,.,.,.,.,.,.,.,.,.,.,.,.,.,.,.,.,.,.,.,.,.,.,.,.,.,.,.,.,.,.,.,.,.,.,.,.,.,.,.,.,.,.,.,.,.,.,.,.,.,.,.,.,.,.,.,.,.,.,.,.,.,.,.,.,.,.,0.0022,0.0062,0.0025,0.0017,0.0062,.,0,0,0.0006,0.0009,0,0.0023,0.0062,0.0053,.,0.0062,"het",".","82","17","41256075",".","AAAAAAAAAAAAG","A",".","PASS","ADP=82;HET=1;HOM=0;NC=0;WT=0","GT:GQ:SDP:DP:RD:AD:FREQ:PVAL:RBQ:ABQ:RDF:RDR:ADF:ADR","0/1:66:82:82:56:20:26.32%:2.2614E-7:37:39:0:56:0:20"
17,41256101,41256103,AAG,-,"intronic","BRCA1",,,,227570,not_specified|Familial_cancer_of_breast|Malignant_tumor_of_breast|Breast_and/or_ovarian_cancer|Breast-ovarian_cancer\x2c_familial\x2c_susceptibility_to\x2c_1,MedGen:CN169374|MONDO:MONDO:0016419\x2cMedGen:C0346153\x2cOMIM:114480\x2cOrphanet:227535|MONDO:MONDO:0007254\x2cMedGen:C0006142|MedGen:CN221562|MONDO:MONDO:0011450\x2cMedGen:C2676676\x2cOMIM:604370\x2cOrphanet:145,reviewed_by_expert_panel,Benign,.,.,.,.,.,.,.,.,.,.,.,.,.,.,.,.,.,.,.,.,.,.,.,.,.,.,.,.,.,.,.,.,.,.,.,.,.,.,.,.,.,.,.,.,.,.,.,.,.,.,.,.,.,.,.,.,.,.,.,.,.,.,.,.,.,.,.,.,.,.,.,.,.,.,.,.,0.0087,0.0104,0.0083,0.0091,0.0061,0.0104,0.0055,0.0047,0.0066,0.0329,0.0042,0.0077,0.0104,0.0104,0.0105,0.0099,0.0036,0.0040,0.0033,0.0039,0.0024,.,0,0.0006,0.0040,0.0061,0,0.0093,0.0052,0.0030,.,0.0071,"het",".","188","17","41256100",".","AAAG","A",".","PASS","ADP=188;HET=1;HOM=0;NC=0;WT=0","GT:GQ:SDP:DP:RD:AD:FREQ:PVAL:RBQ:ABQ:RDF:RDR:ADF:ADR","0/1:255:188:188:79:101:56.11%:8.3053E-40:39:39:0:79:0:101"
18,9749879,9749879,G,A,"intronic","RAB31",,,,.,.,.,.,.,.,.,.,.,.,.,.,.,.,.,.,.,.,.,.,.,.,.,.,.,.,.,.,.,.,.,.,.,.,.,.,.,.,.,.,.,.,.,.,.,.,.,.,.,.,.,.,.,.,.,.,.,.,.,.,.,.,.,.,.,.,.,.,.,.,.,.,.,.,.,.,.,.,.,.,.,.,.,.,.,.,.,.,.,.,.,.,.,.,.,.,.,0.4413,0.4619,0.4418,0.4408,0.4456,.,0.4550,0.4619,0.4503,0.3738,0.5664,0.4224,0.4649,0.4836,.,0.4691,"het",".","345","18","9749879",".","G","A",".","PASS","ADP=345;HET=1;HOM=0;NC=0;WT=0","GT:GQ:SDP:DP:RD:AD:FREQ:PVAL:RBQ:ABQ:RDF:RDR:ADF:ADR","0/1:255:345:345:147:198:57.39%:5.0651E-78:37:37:44:103:91:107"
22,33559508,33559508,T,A,"intergenic","LINC01640;LARGE1","dist=47228;dist=109004",,,.,.,.,.,.,.,.,.,.,.,.,.,.,.,.,.,.,.,.,.,.,.,.,.,.,.,.,.,.,.,.,.,.,.,.,.,.,.,.,.,.,.,.,.,.,.,.,.,.,.,.,.,.,.,.,.,.,.,.,.,.,.,.,.,.,.,.,.,.,.,.,.,.,.,.,.,.,.,.,.,.,.,.,.,.,.,.,.,.,.,.,.,.,.,.,.,.,0.4574,0.4936,0.4578,0.4569,0.4385,.,0.4847,0.4936,0.4575,0.4784,0.3931,0.4834,0.4927,0.5054,.,0.5569,"het",".","36","22","33559508",".","T","A",".","PASS","ADP=36;HET=1;HOM=0;NC=0;WT=0","GT:GQ:SDP:DP:RD:AD:FREQ:PVAL:RBQ:ABQ:RDF:RDR:ADF:ADR","0/1:53:36:36:20:15:41.67%:4.5018E-6:39:38:8:12:8:7"
3,193207380,193207380,T,C,"intronic","ATP13A4",,,,.,.,.,.,.,.,.,.,.,.,.,.,.,.,.,.,.,.,.,.,.,.,.,.,.,.,.,.,.,.,.,.,.,.,.,.,.,.,.,.,.,.,.,.,.,.,.,.,.,.,.,.,.,.,.,.,.,.,.,.,.,.,.,.,.,.,.,.,.,.,.,.,.,.,.,.,.,.,.,.,.,.,.,.,.,.,.,.,.,.,.,.,.,.,.,.,.,0.4162,0.5151,0.4164,0.4159,0.5151,.,0.4988,0.4320,0.3753,0.3296,0.3690,0.4083,0.5155,0.5089,.,0.5113,"het",".","813","3","193207380",".","T","C",".","PASS","ADP=813;HET=1;HOM=0;NC=0;WT=0","GT:GQ:SDP:DP:RD:AD:FREQ:PVAL:RBQ:ABQ:RDF:RDR:ADF:ADR","0/1:255:813:813:434:379:46.62%:3.7599E-140:38:37:173:261:128:251"
4,169663615,169663615,T,G,"intronic","PALLD",,,,.,.,.,.,.,.,.,.,.,.,.,.,.,.,.,.,.,.,.,.,.,.,.,.,.,.,.,.,.,.,.,.,.,.,.,.,.,.,.,.,.,.,.,.,.,.,.,.,.,.,.,.,.,.,.,.,.,.,.,.,.,.,.,.,.,.,.,.,.,.,.,.,.,.,.,.,.,.,.,.,.,.,.,.,.,.,.,.,.,.,.,.,.,.,.,.,.,0.5220,0.6411,0.5280,0.5145,0.5496,.,0.4670,0.6411,0.5155,0.4487,0.4931,0.5092,0.6420,0.6411,.,0.6565,"hom",".","60","4","169663615",".","T","G",".","PASS","ADP=60;HET=0;HOM=1;NC=0;WT=0","GT:GQ:SDP:DP:RD:AD:FREQ:PVAL:RBQ:ABQ:RDF:RDR:ADF:ADR","1/1:255:60:60:0:60:100%:1.035E-35:0:37:0:0:32:28"
5,178690725,178690725,G,A,"intronic","ADAMTS2",,,,.,.,.,.,.,.,.,.,.,.,.,.,.,.,.,.,.,.,.,.,.,.,.,.,.,.,.,.,.,.,.,.,.,.,.,.,.,.,.,.,.,.,.,.,.,.,.,.,.,.,.,.,.,.,.,.,.,.,.,.,.,.,.,.,.,.,.,.,.,.,.,.,.,.,.,.,.,.,.,.,.,.,.,.,.,.,.,.,.,.,.,.,.,.,.,.,.,0.4974,0.5771,0.4960,0.4991,0.5327,.,0.4493,0.5771,0.4886,0.4301,0.4034,0.5046,0.5744,0.5771,.,0.5821,"hom",".","467","5","178690725",".","G","A",".","PASS","ADP=467;HET=0;HOM=1;NC=0;WT=0","GT:GQ:SDP:DP:RD:AD:FREQ:PVAL:RBQ:ABQ:RDF:RDR:ADF:ADR","1/1:255:467:467:0:466:99.79%:1.0542E-279:0:39:0:0:146:320"
7,137029838,137029838,T,C,"intergenic","PTN;DGKI","dist=1359;dist=35945",,,.,.,.,.,.,.,.,.,.,.,.,.,.,.,.,.,.,.,.,.,.,.,.,.,.,.,.,.,.,.,.,.,.,.,.,.,.,.,.,.,.,.,.,.,.,.,.,.,.,.,.,.,.,.,.,.,.,.,.,.,.,.,.,.,.,.,.,.,.,.,.,.,.,.,.,.,.,.,.,.,.,.,.,.,.,.,.,.,.,.,.,.,.,.,.,.,.,0.5630,0.5963,0.5649,0.5606,0.5504,.,0.5861,0.5963,0.5621,0.5694,0.6207,0.5737,0.5980,0.6083,.,0.6135,"hom",".","23","7","137029838",".","T","C",".","PASS","ADP=23;HET=0;HOM=1;NC=0;WT=0","GT:GQ:SDP:DP:RD:AD:FREQ:PVAL:RBQ:ABQ:RDF:RDR:ADF:ADR","1/1:129:23:23:0:23:100%:1.2146E-13:0:37:0:0:9:14"
